"Journal Data Filtered By:  Selected JCR Year: 2018 Selected Editions: SCIE,SSCI Selected Categories: 'PLANT SCIENCES' Selected Category Scheme: WoS",,,,,,,,,,,,,,,,
Rank,Full Journal Title,JCR Abbreviated Title,ISSN,Total Cites,Journal Impact Factor,Impact Factor without Journal Self Cites,5-Year Impact Factor,Immediacy Index,Citable Items,Cited Half-Life,Citing Half-life,Eigenfactor Score,Article Influence Score,% Articles in Citable Items,Average Journal Impact Factor Percentile,Normalized Eigenfactor
1,Annual Review of Plant Biology,ANNU REV PLANT BIOL,1543-5008,"19,024",18.918,18.653,25.776,3.724,29,12.3,7.0,0.016900,9.547,0.00,99.781,2.00749
2,TRENDS IN PLANT SCIENCE,TRENDS PLANT SCI,1360-1385,"21,520",14.006,13.602,14.017,2.867,83,9.1,5.6,0.024080,4.341,0.00,99.342,2.86097
3,Nature Plants,NAT PLANTS,2055-026X,"3,979",13.297,12.923,13.338,2.914,105,2.4,6.8,0.020100,5.535,91.43,98.904,2.38844
4,Molecular Plant,MOL PLANT,1674-2052,"9,274",10.812,10.345,10.682,3.140,100,4.6,7.7,0.027150,3.670,79.00,96.632,3.22465
5,Annual Review of Phytopathology,ANNU REV PHYTOPATHOL,0066-4286,"7,936",10.200,9.960,13.038,0.393,28,12.7,7.2,0.007380,4.298,0.00,98.026,0.87679
6,PLANT CELL,PLANT CELL,1040-4651,"52,034",8.631,8.325,9.848,2.171,164,10.7,8.4,0.057800,3.643,97.56,92.560,6.86549
7,CURRENT OPINION IN PLANT BIOLOGY,CURR OPIN PLANT BIOL,1369-5266,"13,733",7.508,7.207,7.889,1.623,122,8.6,5.1,0.021650,2.788,0.00,97.149,2.57255
8,NEW PHYTOLOGIST,NEW PHYTOL,0028-646X,"52,069",7.299,6.797,8.344,2.967,459,7.9,8.1,0.082510,2.714,83.44,96.711,9.80005
9,PLANT BIOTECHNOLOGY JOURNAL,PLANT BIOTECHNOL J,1467-7644,"7,866",6.840,6.533,6.792,2.583,175,4.4,7.7,0.016180,1.833,97.14,94.587,1.92182
10,PLANT PHYSIOLOGY,PLANT PHYSIOL,0032-0889,"80,841",6.305,5.826,7.024,2.187,444,11.9,8.7,0.070510,2.182,98.65,95.833,8.37458
11,PLANT JOURNAL,PLANT J,0960-7412,"43,424",5.726,5.467,6.467,1.487,337,10.4,8.4,0.045000,2.142,98.81,95.395,5.34516
12,JOURNAL OF ECOLOGY,J ECOL,0022-0477,"19,532",5.687,5.323,6.817,1.870,193,10.3,9.9,0.023130,2.286,97.41,92.752,2.74828
13,PLANT CELL AND ENVIRONMENT,PLANT CELL ENVIRON,0140-7791,"22,073",5.624,5.294,6.026,1.773,207,10.0,9.4,0.022770,1.687,94.20,94.518,2.70485
14,JOURNAL OF EXPERIMENTAL BOTANY,J EXP BOT,0022-0957,"44,813",5.360,4.970,6.305,1.733,401,8.1,8.3,0.055260,1.741,73.57,94.079,6.56425
15,MOLECULAR PLANT PATHOLOGY,MOL PLANT PATHOL,1464-6722,"6,115",4.379,3.987,4.697,1.843,197,6.6,9.1,0.008120,1.286,92.39,93.640,0.96462
16,JOURNAL OF NATURAL PRODUCTS,J NAT PROD,0163-3864,"25,908",4.257,3.911,3.938,0.802,338,10.3,9.0,0.021150,0.827,97.93,89.001,2.51255
16,PHYTOCHEMISTRY REVIEWS,PHYTOCHEM REV,1568-7767,"2,655",4.257,4.208,3.752,1.115,61,7.5,8.4,0.002790,0.808,62.30,93.202,0.33232
18,CRITICAL REVIEWS IN PLANT SCIENCES,CRIT REV PLANT SCI,0735-2689,"3,517",4.189,3.973,7.082,0.600,15,12.2,11.2,0.002410,1.866,0.00,92.325,0.28688
19,PHYTOMEDICINE,PHYTOMEDICINE,0944-7113,"9,672",4.180,4.011,3.928,0.701,291,7.5,7.6,0.008250,0.674,92.10,89.987,0.98089
20,Frontiers in Plant Science,FRONT PLANT SCI,1664-462X,"34,295",4.106,3.663,4.855,0.536,"1,902",2.9,8.5,0.101490,1.186,86.80,91.447,12.05403
21,Plant Genome,PLANT GENOME-US,1940-3372,"1,425",4.042,3.833,3.658,0.500,48,4.3,8.3,0.003320,1.061,100.00,84.154,0.39443
22,Journal of Systematics and Evolution,J SYST EVOL,1674-4918,"1,425",4.040,3.455,2.768,1.830,47,4.3,12.0,0.003060,0.803,87.23,90.570,0.36409
23,PLANT AND CELL PHYSIOLOGY,PLANT CELL PHYSIOL,0032-0781,"16,107",3.929,3.727,4.599,1.279,219,9.6,8.4,0.018210,1.371,84.47,74.470,2.16368
24,PLANT MOLECULAR BIOLOGY,PLANT MOL BIOL,0167-4412,"14,112",3.928,3.860,4.076,0.583,115,13.0,9.2,0.009620,1.069,98.26,79.997,1.14357
25,THEORETICAL AND APPLIED GENETICS,THEOR APPL GENET,0040-5752,"20,017",3.926,3.356,3.996,0.869,199,12.8,8.8,0.013530,1.027,96.98,88.621,1.60731
26,Journal of Integrative Plant Biology,J INTEGR PLANT BIOL,1672-9072,"4,282",3.824,3.642,4.061,1.337,83,7.1,8.2,0.006640,1.180,78.31,78.720,0.78882
27,TAXON,TAXON,0040-0262,"5,305",3.823,3.554,3.251,0.889,81,10.2,16.6,0.005980,1.014,100.00,80.689,0.71095
28,PLANT SCIENCE,PLANT SCI,0168-9452,"14,435",3.785,3.663,4.064,0.730,256,10.0,8.7,0.013100,1.007,84.77,77.778,1.55675
29,ENVIRONMENTAL AND EXPERIMENTAL BOTANY,ENVIRON EXP BOT,0098-8472,"10,065",3.712,3.418,4.614,1.067,269,8.0,9.3,0.009540,0.961,95.91,80.250,1.13380
30,BMC PLANT BIOLOGY,BMC PLANT BIOL,1471-2229,"11,485",3.670,3.514,4.311,0.289,374,5.5,8.6,0.021270,1.135,100.00,87.061,2.52711
31,MOLECULAR PLANT-MICROBE INTERACTIONS,MOL PLANT MICROBE IN,0894-0282,"11,283",3.649,3.443,4.449,1.008,118,10.6,8.9,0.008960,1.255,92.37,75.089,1.06513
32,Horticulture Research,HORTIC RES-ENGLAND,2052-7276,713,3.640,3.387,4.443,0.811,74,3.1,8.1,0.001990,1.078,86.49,89.620,0.23687
33,PLANT DISEASE,PLANT DIS,0191-2917,"15,625",3.583,2.774,3.770,0.963,272,11.6,10.3,0.011510,0.797,98.53,85.746,1.36805
34,APPLIED VEGETATION SCIENCE,APPL VEG SCI,1402-2001,"2,148",3.568,3.232,3.022,0.557,61,6.7,10.8,0.003090,0.729,100.00,85.627,0.36701
35,PLANT CELL REPORTS,PLANT CELL REP,0721-7714,"8,478",3.499,3.383,3.401,0.875,128,8.4,8.3,0.009350,0.840,82.03,84.868,1.11165
36,ANNALS OF BOTANY,ANN BOT-LONDON,0305-7364,"21,138",3.454,3.206,4.506,1.159,207,11.2,10.4,0.018370,1.326,92.75,84.430,2.18266
37,JOURNAL OF ETHNOPHARMACOLOGY,J ETHNOPHARMACOL,0378-8741,"35,034",3.414,3.131,3.671,1.018,514,8.2,8.4,0.025200,0.605,87.74,77.099,2.99332
38,PLANT PHYSIOLOGY AND BIOCHEMISTRY,PLANT PHYSIOL BIOCH,0981-9428,"11,900",3.404,3.180,3.607,0.570,419,6.1,8.7,0.015390,0.746,96.42,83.553,1.82865
39,GM Crops & Food-Biotechnology in Agriculture and the Food Chain,GM CROPS FOOD,2164-5698,328,3.333,2.917,Not Available,0.417,12,4.0,8.4,0.000830,Not Available,91.67,76.279,0.09869
40,PHYTOPATHOLOGY,PHYTOPATHOLOGY,0031-949X,"15,793",3.264,2.997,3.670,0.876,145,16.3,10.0,0.010060,0.979,91.72,82.675,1.19548
41,PLANT AND SOIL,PLANT SOIL,0032-079X,"33,620",3.259,2.951,3.761,0.884,389,11.3,9.5,0.023640,0.879,96.66,81.677,2.80879
42,Crop Journal,CROP J,2095-5421,804,3.179,3.116,Not Available,0.836,67,3.0,8.3,0.002340,Not Available,77.61,83.315,0.27888
43,Plant Methods,PLANT METHODS,1746-4811,"2,605",3.170,2.903,4.460,0.443,115,5.6,7.9,0.004780,1.172,99.13,76.439,0.56825
44,PRESLIA,PRESLIA,0032-7786,"1,099",3.071,2.000,3.396,0.563,16,8.4,12.8,0.001040,0.872,100.00,80.921,0.12448
45,PLANTA,PLANTA,0032-0935,"18,484",3.060,2.951,3.408,0.833,216,13.2,9.1,0.011580,0.879,91.67,80.482,1.37598
46,BOTANICAL JOURNAL OF THE LINNEAN SOCIETY,BOT J LINN SOC,0024-4074,"4,980",3.057,2.838,2.808,0.723,94,9.7,12.3,0.006280,0.845,96.81,80.044,0.74621
46,PHOTOSYNTHESIS RESEARCH,PHOTOSYNTH RES,0166-8595,"6,800",3.057,2.695,3.574,0.712,118,10.7,11.8,0.006980,0.958,91.53,80.044,0.83018
48,PHYSIOLOGIA PLANTARUM,PHYSIOL PLANTARUM,0031-9317,"14,044",3.000,2.853,3.315,1.555,110,16.2,8.9,0.006930,0.819,97.27,79.167,0.82354
49,Plant Reproduction,PLANT REPROD,2194-7953,310,2.976,2.805,2.606,1.065,31,3.0,8.3,0.001110,0.815,41.94,76.433,0.13293
50,JOURNAL OF VEGETATION SCIENCE,J VEG SCI,1100-9233,"8,102",2.944,2.746,3.392,0.471,102,12.0,10.5,0.007740,1.021,100.00,78.270,0.91960
51,ANNALS OF THE MISSOURI BOTANICAL GARDEN,ANN MO BOT GARD,0026-6493,"2,806",2.933,2.867,2.574,0.375,16,23.7,19.9,0.001050,0.788,93.75,77.851,0.12491
52,PHYTOCHEMISTRY,PHYTOCHEMISTRY,0031-9422,"30,660",2.905,2.674,3.272,0.728,217,17.5,10.0,0.012020,0.761,94.47,64.461,1.42838
53,AMERICAN JOURNAL OF BOTANY,AM J BOT,0002-9122,"17,277",2.841,2.614,3.407,1.141,163,13.9,10.7,0.013240,1.106,100.00,76.974,1.57340
54,JOURNAL OF PHYCOLOGY,J PHYCOL,0022-3646,"9,532",2.831,2.632,3.063,0.434,83,14.7,11.4,0.005610,0.843,98.80,80.629,0.66670
55,JOURNAL OF PLANT PHYSIOLOGY,J PLANT PHYSIOL,0176-1617,"11,991",2.825,2.709,3.236,0.632,204,9.1,9.5,0.010130,0.735,97.06,76.096,1.20409
56,PLANTA MEDICA,PLANTA MED,0032-0943,"12,821",2.746,2.624,2.740,0.725,149,12.7,7.8,0.006220,0.520,93.29,66.785,0.73966
57,Alpine Botany,ALPINE BOT,1664-2201,268,2.719,2.469,2.662,0.625,16,4.2,10.0,0.000870,0.863,100.00,75.219,0.10421
58,PROTOPLASMA,PROTOPLASMA,0033-183X,"4,754",2.633,2.424,2.583,1.071,140,7.5,10.7,0.005150,0.560,94.29,53.323,0.61205
59,Plants-Basel,PLANTS-BASEL,2223-7747,564,2.632,2.415,Not Available,0.287,108,2.8,8.2,0.001740,Not Available,73.15,74.342,0.20719
60,PLANT FOODS FOR HUMAN NUTRITION,PLANT FOOD HUM NUTR,0921-9668,"3,134",2.598,2.449,2.921,0.521,48,8.8,7.2,0.002180,0.525,95.83,63.910,0.25938
61,BOTANICAL REVIEW,BOT REV,0006-8101,"2,391",2.536,2.500,2.314,1.000,12,22.5,11.9,0.000650,0.708,91.67,73.465,0.07775
62,EUROPEAN JOURNAL OF PHYCOLOGY,EUR J PHYCOL,0967-0262,"2,028",2.526,2.449,2.621,0.364,44,11.3,10.7,0.001880,0.720,100.00,74.708,0.22361
63,PERSPECTIVES IN PLANT ECOLOGY EVOLUTION AND SYSTEMATICS,PERSPECT PLANT ECOL,1433-8319,"2,230",2.524,2.357,3.482,0.946,56,8.2,10.0,0.002710,1.044,87.50,66.324,0.32286
64,PLANT PATHOLOGY,PLANT PATHOL,0032-0862,"6,426",2.493,2.248,2.563,0.607,191,9.4,10.3,0.006360,0.643,94.24,77.367,0.75557
65,PHARMACEUTICAL BIOLOGY,PHARM BIOL,1388-0209,"5,465",2.492,2.441,2.330,0.176,74,5.1,8.0,0.006900,0.393,94.59,62.485,0.82060
66,VEGETATION HISTORY AND ARCHAEOBOTANY,VEG HIST ARCHAEOBOT,0939-6314,"2,038",2.482,2.153,2.523,0.786,56,9.4,15.4,0.002310,0.728,89.29,81.689,0.27533
67,PLANT GROWTH REGULATION,PLANT GROWTH REGUL,0167-6903,"5,184",2.473,2.062,2.758,0.547,128,10.2,8.8,0.003770,0.513,96.09,70.833,0.44893
68,PLANT BIOLOGY,PLANT BIOLOGY,1435-8603,"4,911",2.393,2.301,2.551,0.887,141,7.6,11.1,0.006030,0.652,94.33,70.395,0.71656
69,Journal of Berry Research,J BERRY RES,1878-5093,333,2.379,2.121,2.554,0.375,24,3.5,8.3,0.000600,0.500,100.00,69.956,0.07221
70,Rice Science,RICE SCI,1672-6308,678,2.370,2.315,Not Available,0.368,38,5.3,10.1,0.000910,Not Available,94.74,74.927,0.10872
71,BRYOLOGIST,BRYOLOGIST,0007-2745,"1,469",2.368,1.789,1.582,0.432,37,16.3,11.5,0.000830,0.412,100.00,69.079,0.09880
72,PHOTOSYNTHETICA,PHOTOSYNTHETICA,0300-3604,"3,373",2.365,2.115,2.669,0.891,147,10.1,11.6,0.002530,0.533,93.20,68.640,0.30085
73,FUNCTIONAL PLANT BIOLOGY,FUNCT PLANT BIOL,1445-4408,"5,241",2.327,2.255,2.682,0.962,106,8.9,9.8,0.004830,0.670,92.45,68.202,0.57472
74,Advances in Botanical Research,ADV BOT RES,0065-2296,"1,367",2.291,2.228,2.032,0.233,43,9.1,8.0,0.001720,0.599,0.00,67.763,0.20505
75,Journal of Plant Ecology,J PLANT ECOL,1752-9921,"1,613",2.282,2.178,2.239,0.854,89,5.6,11.8,0.002950,0.644,96.63,58.510,0.35142
76,Journal of Ethnobiology and Ethnomedicine,J ETHNOBIOL ETHNOMED,1746-4269,"2,305",2.273,1.702,3.060,0.300,80,6.0,9.4,0.002620,0.539,97.50,55.544,0.31126
77,AoB Plants,AOB PLANTS,2041-2851,"1,571",2.270,2.209,2.849,0.329,82,3.7,10.9,0.004990,0.826,96.34,57.766,0.59364
78,Agronomy-Basel,AGRONOMY-BASEL,2073-4395,932,2.259,2.056,Not Available,0.337,303,3.4,8.6,0.002170,Not Available,86.14,72.611,0.25830
79,PLANT CELL TISSUE AND ORGAN CULTURE,PLANT CELL TISS ORG,0167-6857,"6,382",2.200,1.686,2.232,0.541,172,7.9,9.4,0.005350,0.379,97.09,54.236,0.63599
80,JOURNAL OF PLANT GROWTH REGULATION,J PLANT GROWTH REGUL,0721-7595,"3,136",2.179,2.049,2.893,0.684,114,7.9,8.9,0.003380,0.611,95.61,65.132,0.40153
81,ALGAE,ALGAE-SEOUL,1226-2617,594,2.156,1.797,2.103,0.071,28,5.5,11.6,0.000920,0.450,100.00,65.448,0.11018
82,AQUATIC BOTANY,AQUAT BOT,0304-3770,"6,085",2.143,1.960,2.127,0.577,71,14.3,12.0,0.003180,0.502,97.18,64.766,0.37860
83,JOURNAL OF PLANT RESEARCH,J PLANT RES,0918-9440,"2,652",2.082,1.948,2.051,0.881,84,7.9,12.1,0.003140,0.548,79.76,63.816,0.37346
84,PLANT SPECIES BIOLOGY,PLANT SPEC BIOL,0913-557X,717,2.077,2.015,1.745,0.364,22,8.3,13.9,0.000880,0.426,95.45,54.707,0.10488
85,JOURNAL OF PLANT NUTRITION AND SOIL SCIENCE,J PLANT NUTR SOIL SC,1436-8730,"4,564",2.057,1.987,2.664,0.670,91,9.9,11.0,0.003680,0.611,98.90,64.832,0.43751
86,Journal of Soil Science and Plant Nutrition,J SOIL SCI PLANT NUT,0718-9516,"1,440",2.006,1.119,2.367,0.163,80,5.0,10.2,0.002010,0.386,97.50,53.452,0.23908
87,WEED SCIENCE,WEED SCI,0043-1745,"5,549",2.000,1.677,2.301,0.483,87,14.0,11.1,0.003400,0.641,97.70,68.390,0.40449
88,PHYCOLOGIA,PHYCOLOGIA,0031-8884,"2,835",1.976,1.768,1.970,0.460,63,14.0,11.6,0.002160,0.536,96.83,60.673,0.25663
89,PHYTOPATHOLOGIA MEDITERRANEA,PHYTOPATHOL MEDITERR,0031-9465,"1,302",1.974,1.500,1.819,0.349,43,7.8,9.2,0.001110,0.383,95.35,67.390,0.13284
90,Journal of Applied Research on Medicinal and Aromatic Plants,J APPL RES MED AROMA,2214-7861,276,1.966,1.818,Not Available,0.277,47,2.4,9.4,0.000570,Not Available,91.49,60.746,0.06849
91,PHYTOCHEMICAL ANALYSIS,PHYTOCHEM ANALYSIS,0958-0344,"2,641",1.963,1.841,2.310,0.984,63,8.9,7.4,0.001970,0.483,90.48,47.878,0.23474
92,MOLECULAR BREEDING,MOL BREEDING,1380-3743,"5,159",1.862,1.717,2.227,0.352,145,6.6,9.1,0.007070,0.552,99.31,61.665,0.84080
93,WEED RESEARCH,WEED RES,0043-1737,"3,026",1.857,1.648,2.063,0.348,46,13.4,10.2,0.001870,0.529,93.48,65.389,0.22227
94,Journal of Plant Interactions,J PLANT INTERACT,1742-9145,"1,027",1.839,1.655,2.281,0.559,59,4.9,9.7,0.001570,0.453,94.92,58.991,0.18692
95,Botanical Studies,BOT STUD,****-****,823,1.796,1.714,1.949,0.313,32,4.9,10.4,0.001520,0.421,96.88,58.553,0.18054
96,PLANT ECOLOGY,PLANT ECOL,1385-0237,"5,850",1.789,1.692,1.901,0.254,118,11.2,11.6,0.004380,0.540,98.31,53.331,0.52028
97,PHYTOCOENOLOGIA,PHYTOCOENOLOGIA,0340-269X,587,1.750,1.045,1.424,1.111,27,12.7,13.6,0.000320,0.268,66.67,48.502,0.03867
98,EUROPEAN JOURNAL OF PLANT PATHOLOGY,EUR J PLANT PATHOL,0929-1873,"5,885",1.744,1.540,1.754,0.390,272,8.3,11.0,0.006410,0.419,97.43,66.827,0.76203
99,BREEDING SCIENCE,BREEDING SCI,1344-7610,"1,702",1.743,1.615,2.185,0.359,64,7.7,10.7,0.001950,0.489,75.00,61.264,0.23259
100,Fottea,FOTTEA,1802-5439,475,1.727,1.636,2.107,1.053,19,6.0,11.1,0.000800,0.594,100.00,56.360,0.09594
101,PHYSIOLOGICAL AND MOLECULAR PLANT PATHOLOGY,PHYSIOL MOL PLANT P,0885-5765,"2,521",1.678,1.603,1.609,0.756,86,14.2,10.0,0.001430,0.382,95.35,55.921,0.17010
102,REVIEW OF PALAEOBOTANY AND PALYNOLOGY,REV PALAEOBOT PALYNO,0034-6667,"5,390",1.674,1.438,1.925,0.269,104,13.2,15.9,0.003750,0.563,97.12,64.145,0.44580
103,Plant Signaling & Behavior,PLANT SIGNAL BEHAV,1559-2316,"6,926",1.644,1.595,Not Available,0.315,165,7.0,8.5,0.009720,Not Available,97.58,35.660,1.15552
104,ACTA PHYSIOLOGIAE PLANTARUM,ACTA PHYSIOL PLANT,0137-5881,"5,347",1.608,1.530,1.927,0.238,214,5.7,9.5,0.007670,0.388,93.93,54.605,0.91171
105,PLANT MOLECULAR BIOLOGY REPORTER,PLANT MOL BIOL REP,0735-9640,"2,986",1.604,1.584,1.897,0.130,77,8.1,10.0,0.003320,0.439,97.40,36.893,0.39496
106,PLANT SYSTEMATICS AND EVOLUTION,PLANT SYST EVOL,0378-2697,"4,882",1.585,1.502,1.552,0.435,92,12.1,14.1,0.004240,0.437,100.00,36.364,0.50407
107,PHYSIOLOGY AND MOLECULAR BIOLOGY OF PLANTS,PHYSIOL MOL BIOL PLA,0971-5894,"1,038",1.539,1.440,2.027,0.298,114,5.1,10.3,0.001750,0.402,98.25,53.289,0.20874
108,Theoretical and Experimental Plant Physiology,THEOR EXP PLANT PHYS,2197-0025,219,1.532,1.489,1.800,0.097,31,3.8,9.6,0.000620,0.394,100.00,52.851,0.07425
109,EUPHYTICA,EUPHYTICA,0014-2336,"10,011",1.527,1.388,1.680,0.229,231,11.9,10.3,0.006990,0.405,94.81,61.494,0.83052
110,PLANT BIOSYSTEMS,PLANT BIOSYST,1126-3504,"1,964",1.525,1.286,1.378,0.961,128,5.8,11.4,0.002480,0.290,98.44,51.974,0.29548
111,LICHENOLOGIST,LICHENOLOGIST,0024-2829,"1,403",1.510,1.354,1.405,0.837,43,11.1,12.2,0.001250,0.366,100.00,36.974,0.14878
112,SOUTH AFRICAN JOURNAL OF BOTANY,S AFR J BOT,0254-6299,"3,430",1.504,1.384,1.591,0.387,238,6.3,10.2,0.004040,0.317,96.64,51.096,0.48013
113,PhytoKeys,PHYTOKEYS,1314-2011,615,1.500,1.268,1.351,0.483,118,2.8,16.2,0.001820,0.381,98.31,50.658,0.21621
114,ECONOMIC BOTANY,ECON BOT,0013-0001,"2,638",1.481,1.167,1.463,0.304,23,21.3,11.7,0.000630,0.355,82.61,50.219,0.07584
115,PLANT PROTECTION SCIENCE,PLANT PROTECT SCI,1212-2580,378,1.464,1.377,1.272,0.200,35,5.1,11.3,0.000620,0.291,100.00,54.947,0.07406
116,IN VITRO CELLULAR & DEVELOPMENTAL BIOLOGY-PLANT,IN VITRO CELL DEV-PL,1054-5476,"2,195",1.454,1.308,1.359,0.410,61,11.4,10.0,0.001340,0.269,95.08,23.489,0.15995
117,INTERNATIONAL JOURNAL OF PLANT SCIENCES,INT J PLANT SCI,1058-5893,"3,910",1.425,1.308,1.782,0.281,57,12.9,13.8,0.002660,0.565,96.49,48.904,0.31634
118,FLORA,FLORA,0367-2530,"2,950",1.423,1.250,1.544,0.776,143,8.6,12.7,0.002660,0.394,97.90,39.934,0.31597
119,SOIL SCIENCE AND PLANT NUTRITION,SOIL SCI PLANT NUTR,0038-0768,"3,205",1.415,1.170,1.737,0.337,89,11.8,11.8,0.001930,0.351,98.88,32.990,0.23038
120,BIOLOGIA PLANTARUM,BIOL PLANTARUM,0006-3134,"3,605",1.384,1.282,1.714,0.352,88,11.2,9.5,0.002340,0.362,90.91,47.588,0.27807
120,WEED TECHNOLOGY,WEED TECHNOL,0890-037X,"3,473",1.384,0.991,1.602,0.374,107,12.0,10.0,0.002420,0.364,100.00,53.288,0.28857
122,CRYPTOGAMIE ALGOLOGIE,CRYPTOGAMIE ALGOL,0181-1568,477,1.361,1.278,1.525,0.333,27,8.3,13.7,0.000540,0.413,96.30,45.809,0.06420
122,JOURNAL OF BRYOLOGY,J BRYOL,0373-6687,938,1.361,0.867,1.325,0.511,45,10.7,12.8,0.000700,0.262,100.00,46.711,0.08347
124,BOTHALIA,BOTHALIA,0006-8241,446,1.340,1.245,0.907,0.440,25,19.6,11.0,0.000260,0.204,80.00,45.833,0.03112
125,Phytochemistry Letters,PHYTOCHEM LETT,1874-3900,"2,246",1.338,1.247,1.506,0.292,233,4.0,10.3,0.004520,0.319,98.28,32.124,0.53703
126,SEED SCIENCE RESEARCH,SEED SCI RES,0960-2585,"1,606",1.329,1.151,1.855,0.400,30,13.5,12.1,0.001030,0.454,73.33,44.956,0.12247
127,Botany,BOTANY,1916-2790,"1,623",1.315,1.281,1.865,0.122,74,6.6,12.3,0.002700,0.543,100.00,44.518,0.32113
128,GENETIC RESOURCES AND CROP EVOLUTION,GENET RESOUR CROP EV,0925-9864,"3,323",1.296,1.146,1.423,0.329,164,9.3,12.0,0.002680,0.302,98.78,50.410,0.31879
129,Plant Pathology Journal,PLANT PATHOLOGY J,1598-2254,965,1.294,1.184,1.705,0.197,61,5.6,9.9,0.001510,0.380,96.72,53.517,0.17999
130,TUEXENIA,TUEXENIA,0722-494X,214,1.267,0.822,1.147,0.583,24,4.6,11.3,0.000270,0.207,100.00,43.202,0.03310
131,Plant Biotechnology Reports,PLANT BIOTECHNOL REP,1863-5466,694,1.259,1.074,1.645,0.378,37,5.7,8.9,0.001160,0.400,83.78,28.326,0.13824
131,SYSTEMATIC BOTANY,SYST BOT,0363-6445,"2,745",1.259,1.171,1.420,0.125,88,11.4,12.9,0.002910,0.450,100.00,28.882,0.34603
133,JOURNAL OF PLANT BIOLOGY,J PLANT BIOL,1226-9239,"1,115",1.254,1.238,1.730,0.146,41,7.7,9.2,0.001440,0.422,78.05,41.886,0.17159
133,Tropical Plant Pathology,TROP PLANT PATHOL,1983-2052,606,1.254,1.153,1.131,0.176,68,5.1,11.1,0.001140,0.283,98.53,41.886,0.13608
135,PALYNOLOGY,PALYNOLOGY,0191-6122,847,1.253,1.115,1.571,1.160,50,9.7,21.2,0.000910,0.444,98.00,41.996,0.10858
136,PLANT BREEDING,PLANT BREEDING,0179-9541,"3,402",1.251,1.163,1.592,0.255,94,11.0,11.1,0.002700,0.404,91.49,35.906,0.32169
137,Applications in Plant Sciences,APPL PLANT SCI,2168-0450,702,1.232,1.079,1.389,0.494,87,3.6,6.9,0.002320,0.377,94.25,40.132,0.27667
138,Records of Natural Products,REC NAT PROD,1307-6167,736,1.205,1.006,1.171,0.391,69,4.4,9.2,0.001060,0.218,91.30,28.909,0.12612
139,CARYOLOGIA,CARYOLOGIA,0008-7114,"1,007",1.174,0.674,1.147,0.379,58,11.0,14.7,0.000630,0.206,98.28,27.529,0.07497
140,Plant Ecology & Diversity,PLANT ECOL DIVERS,1755-0874,760,1.173,1.071,1.734,0.233,43,5.4,10.3,0.001830,0.551,97.67,38.816,0.21795
141,JOURNAL OF ASIAN NATURAL PRODUCTS RESEARCH,J ASIAN NAT PROD RES,1028-6020,"2,245",1.170,1.092,1.199,0.533,135,6.7,8.3,0.002560,0.247,100.00,22.520,0.30459
142,Phytotaxa,PHYTOTAXA,1179-3155,"4,491",1.168,0.768,1.131,0.277,851,3.2,19.8,0.011120,0.249,99.88,37.939,1.32127
143,AUSTRALIAN JOURNAL OF BOTANY,AUST J BOT,0067-1924,"3,270",1.164,1.090,1.950,0.048,63,14.8,12.5,0.002360,0.531,100.00,37.500,0.28065
144,Willdenowia,WILLDENOWIA,0511-9618,670,1.156,1.016,1.034,0.161,31,11.3,17.7,0.000680,0.297,100.00,37.061,0.08154
145,NEW ZEALAND JOURNAL OF BOTANY,NEW ZEAL J BOT,0028-825X,"1,084",1.118,0.971,1.065,0.200,30,22.8,15.4,0.000520,0.258,96.67,36.623,0.06190
146,Acta Botanica Brasilica,ACTA BOT BRAS,0102-3306,"1,704",1.112,1.021,1.091,0.189,74,10.0,12.2,0.001410,0.285,94.59,36.184,0.16754
147,ACTA BIOLOGICA CRACOVIENSIA SERIES BOTANICA,ACTA BIOL CRACOV BOT,0001-5296,522,1.111,1.000,1.000,0.333,15,9.4,12.9,0.000390,0.235,100.00,35.746,0.04650
148,AUSTRALASIAN PLANT PATHOLOGY,AUSTRALAS PLANT PATH,0815-3191,"1,752",1.106,1.035,1.360,0.235,68,9.6,11.0,0.001540,0.324,86.76,35.307,0.18351
148,JOURNAL OF APPLIED BOTANY AND FOOD QUALITY,J APPL BOT FOOD QUAL,1439-040X,537,1.106,1.059,1.327,0.167,42,5.9,9.3,0.000720,0.270,100.00,35.307,0.08559
150,JOURNAL OF PHYTOPATHOLOGY,J PHYTOPATHOL,0931-1785,"2,567",1.097,1.048,1.017,0.278,90,11.2,11.7,0.001780,0.227,98.89,34.430,0.21257
151,CRYPTOGAMIE BRYOLOGIE,CRYPTOGAMIE BRYOL,1290-0796,468,1.095,0.857,1.470,0.268,41,6.1,12.5,0.000700,0.358,100.00,33.991,0.08381
152,TURKISH JOURNAL OF BOTANY,TURK J BOT,1300-008X,"1,192",1.087,0.969,1.247,0.391,69,6.0,11.9,0.001720,0.285,98.55,33.553,0.20456
153,AMERICAN FERN JOURNAL,AM FERN J,0002-8444,620,1.067,0.967,1.164,0.214,14,20.6,12.4,0.000330,0.349,100.00,33.114,0.03996
154,NOVA HEDWIGIA,NOVA HEDWIGIA,0029-5035,"2,019",1.058,1.007,1.002,0.678,59,14.2,15.3,0.001480,0.277,98.31,32.675,0.17691
155,FOLIA GEOBOTANICA,FOLIA GEOBOT,1211-9520,"1,063",1.046,1.031,1.571,0.419,31,12.8,11.3,0.000920,0.454,100.00,32.237,0.10971
156,ACTA AMAZONICA,ACTA AMAZON,0044-5967,"1,521",1.042,1.010,1.100,0.043,47,11.5,10.2,0.000960,0.281,100.00,32.408,0.11482
157,AUSTRALIAN SYSTEMATIC BOTANY,AUST SYST BOT,1030-1887,708,1.039,0.922,1.433,0.757,37,12.1,13.5,0.000720,0.433,97.30,20.180,0.08620
158,JOURNAL OF PLANT BIOCHEMISTRY AND BIOTECHNOLOGY,J PLANT BIOCHEM BIOT,0971-7811,610,1.038,0.962,1.129,0.208,48,5.9,10.6,0.000860,0.240,95.83,19.403,0.10238
159,HERZOGIA,HERZOGIA,0018-0971,401,1.030,0.670,1.024,0.299,67,5.0,11.9,0.000510,0.192,100.00,30.482,0.06161
160,PHYTOPARASITICA,PHYTOPARASITICA,0334-2123,"1,299",1.022,0.963,1.284,0.338,68,9.0,11.9,0.001450,0.309,95.59,30.044,0.17236
161,Plant Ecology and Evolution,PLANT ECOL EVOL,2032-3913,383,1.015,0.985,1.249,0.250,36,4.9,14.2,0.000850,0.348,100.00,29.605,0.10095
162,WEED BIOLOGY AND MANAGEMENT,WEED BIOL MANAG,1444-6162,477,1.000,0.882,0.931,0.150,20,10.3,11.9,0.000290,0.224,90.00,36.774,0.03555
163,CANADIAN JOURNAL OF PLANT SCIENCE,CAN J PLANT SCI,0008-4220,"4,247",0.986,0.843,1.178,0.256,125,15.0,12.1,0.002230,0.275,99.20,35.431,0.26540
164,ACTA BOTANICA CROATICA,ACTA BOT CROAT,0365-0588,355,0.985,0.939,1.006,0.167,30,6.7,13.0,0.000530,0.251,96.67,28.289,0.06351
165,Tropical Plant Biology,TROP PLANT BIOL,1935-9756,335,0.975,0.850,1.274,0.267,15,6.8,7.9,0.000290,0.268,100.00,27.851,0.03531
166,Brazilian Journal of Botany,BRAZ J BOT,0100-8404,"1,622",0.958,0.907,0.995,0.244,86,11.5,11.4,0.001120,0.214,94.19,27.412,0.13412
167,Lazaroa,LAZAROA,0210-9778,147,0.947,0.947,1.261,Not Available,0,11.7,Not Available,0.000210,0.346,Not Available,26.974,0.02497
168,Journal of Plant Diseases and Protection,J PLANT DIS PROTECT,1861-3829,527,0.946,0.884,0.889,0.412,68,8.4,10.9,0.000560,0.205,89.71,34.250,0.06680
169,RUSSIAN JOURNAL OF PLANT PHYSIOLOGY,RUSS J PLANT PHYSL+,1021-4437,"1,671",0.940,0.815,0.965,0.149,101,8.7,9.9,0.001180,0.173,90.10,26.096,0.14091
170,Annali di Botanica,ANN BOT-COENOL PLANT,0365-0812,106,0.938,0.813,Not Available,0.111,9,5.6,16.0,0.000200,Not Available,100.00,17.529,0.02394
171,Botanical Sciences,BOT SCI,2007-4298,301,0.936,0.853,0.974,0.047,43,3.7,12.5,0.000810,0.227,100.00,25.219,0.09673
172,Indian Journal of Traditional Knowledge,INDIAN J TRADIT KNOW,0972-5938,"1,202",0.920,0.457,0.844,0.333,102,7.7,9.1,0.000690,0.106,97.06,24.781,0.08196
173,BOTANICA MARINA,BOT MAR,0006-8055,"2,175",0.919,0.778,1.336,0.346,52,16.4,10.9,0.000930,0.299,94.23,25.828,0.11158
174,ISRAEL JOURNAL OF PLANT SCIENCES,ISR J PLANT SCI,0792-9978,454,0.908,0.862,0.905,0.286,21,11.7,11.4,0.000260,0.192,66.67,23.904,0.03169
175,GRANA,GRANA,0017-3134,"1,173",0.907,0.815,1.208,0.321,28,19.2,13.9,0.000550,0.320,100.00,23.465,0.06534
176,NORDIC JOURNAL OF BOTANY,NORD J BOT,0107-055X,"1,359",0.890,0.735,0.827,0.148,142,10.0,14.7,0.001650,0.244,100.00,23.026,0.19606
177,JOURNAL OF GENERAL PLANT PATHOLOGY,J GEN PLANT PATHOL,1345-2630,912,0.887,0.745,1.164,0.230,61,8.5,12.2,0.001040,0.276,96.72,22.588,0.12407
178,Plant Biotechnology,PLANT BIOTECHNOL-NAR,1342-4580,943,0.886,0.823,1.057,0.135,52,8.4,10.1,0.000920,0.267,98.08,15.241,0.10947
178,Wulfenia,WULFENIA,1561-882X,164,0.886,0.750,1.482,0.053,19,4.4,18.9,0.000240,0.222,100.00,22.149,0.02889
180,Botany Letters,BOT LETT,2381-8107,110,0.883,0.740,0.883,0.841,44,1.6,11.0,0.000250,0.250,100.00,21.272,0.03017
181,Comparative Cytogenetics,COMP CYTOGENET,1993-0771,333,0.882,0.627,1.065,0.345,29,4.6,13.2,0.000770,0.295,96.55,22.351,0.09256
182,BLUMEA,BLUMEA,0006-5196,616,0.854,0.683,0.704,0.370,27,15.3,26.7,0.000270,0.182,100.00,20.395,0.03285
183,CANADIAN JOURNAL OF PLANT PATHOLOGY,CAN J PLANT PATHOL,0706-0661,"1,678",0.846,0.803,1.197,0.329,70,13.5,9.7,0.001160,0.299,98.57,19.956,0.13793
184,JOURNAL OF PLANT PATHOLOGY,J PLANT PATHOL,1125-4653,"1,511",0.818,0.729,1.041,0.123,57,8.4,11.2,0.001400,0.244,96.49,19.518,0.16637
185,BRITTONIA,BRITTONIA,0007-196X,"1,032",0.794,0.701,0.792,0.306,49,21.4,15.3,0.000690,0.231,100.00,19.079,0.08209
186,Planta Daninha,PLANTA DANINHA,0100-8358,"1,270",0.791,0.435,0.893,0.114,149,8.5,11.1,0.000840,0.140,100.00,18.640,0.10006
187,JOURNAL OF AQUATIC PLANT MANAGEMENT,J AQUAT PLANT MANAGE,0146-6623,591,0.788,0.424,0.559,0.235,17,16.7,15.1,0.000120,0.091,100.00,18.592,0.01458
188,JOURNAL OF THE TORREY BOTANICAL SOCIETY,J TORREY BOT SOC,1095-5674,699,0.756,0.718,0.764,0.172,29,11.4,13.5,0.000510,0.214,100.00,17.763,0.06106
189,JOURNAL OF PLANT NUTRITION,J PLANT NUTR,0190-4167,"4,742",0.753,0.698,0.864,0.230,243,13.8,13.1,0.002200,0.175,96.71,17.325,0.26137
190,ANNALES BOTANICI FENNICI,ANN BOT FENN,0003-3847,917,0.731,0.635,0.716,0.286,42,12.2,12.5,0.000740,0.193,100.00,16.886,0.08856
191,ACTA SOCIETATIS BOTANICORUM POLONIAE,ACTA SOC BOT POL,0001-6977,747,0.718,0.682,1.041,0.410,39,9.1,12.1,0.000750,0.257,94.87,16.447,0.08907
192,Plant Genetic Resources-Characterization and Utilization,PLANT GENET RESOUR-C,1479-2621,569,0.717,0.687,0.792,0.471,68,7.3,11.6,0.000740,0.222,97.06,16.009,0.08882
193,Acta Phytotaxonomica et Geobotanica,ACTA PHYTOTAX GEOBOT,1346-7565,144,0.714,0.524,Not Available,0.238,21,9.0,12.7,0.000150,Not Available,100.00,15.570,0.01876
194,CASTANEA,CASTANEA,0008-7475,397,0.700,0.700,0.480,0.125,24,17.4,14.1,0.000160,0.131,100.00,15.132,0.02008
195,Journal of Plant Registrations,J PLANT REGIST,1936-5209,614,0.692,0.590,0.800,0.216,74,6.5,13.0,0.000750,0.174,100.00,19.425,0.09011
196,Journal of Essential Oil Bearing Plants,J ESSENT OIL BEAR PL,0972-060X,"1,144",0.688,0.549,0.748,0.074,136,5.2,9.7,0.001380,0.118,97.79,14.254,0.16414
197,COMMUNICATIONS IN SOIL SCIENCE AND PLANT ANALYSIS,COMMUN SOIL SCI PLAN,0010-3624,"5,644",0.687,0.609,0.784,0.086,243,16.1,12.5,0.002690,0.165,98.77,11.640,0.32008
198,KEW BULLETIN,KEW BULL,0075-5974,"1,356",0.680,0.485,0.662,0.352,54,19.5,15.9,0.000720,0.200,100.00,13.377,0.08614
199,Invasive Plant Science and Management,INVAS PLANT SCI MANA,1939-7291,580,0.672,0.463,1.030,0.080,25,6.7,10.5,0.000760,0.252,96.00,12.939,0.09120
199,PAKISTAN JOURNAL OF BOTANY,PAK J BOT,0556-3321,"4,376",0.672,0.407,0.770,0.238,303,7.9,10.5,0.002640,0.117,99.34,12.939,0.31430
201,Acta Botanica Mexicana,ACTA BOT MEX,0187-7151,467,0.661,0.429,0.727,0.077,39,10.9,12.1,0.000300,0.164,100.00,12.061,0.03571
202,Czech Journal of Genetics and Plant Breeding,CZECH J GENET PLANT,1212-1975,275,0.652,0.652,0.641,0.074,27,7.6,11.4,0.000280,0.163,92.59,16.205,0.03348
203,Notulae Botanicae Horti Agrobotanici Cluj-Napoca,NOT BOT HORTI AGROBO,0255-965X,927,0.624,0.590,0.914,0.378,90,6.2,10.5,0.000980,0.169,96.67,11.184,0.11694
204,TAIWANIA,TAIWANIA,0372-333X,350,0.602,0.441,Not Available,0.204,49,8.2,12.2,0.000380,Not Available,100.00,10.746,0.04605
205,MAYDICA,MAYDICA,0025-6153,680,0.578,0.438,0.667,0.160,25,13.2,11.3,0.000310,0.146,92.00,14.423,0.03776
206,ADANSONIA,ADANSONIA,1280-8571,316,0.576,0.455,0.705,0.500,14,14.2,16.6,0.000260,0.229,100.00,9.868,0.03162
207,CANDOLLEA,CANDOLLEA,0373-2967,390,0.561,0.424,0.477,0.115,26,23.3,14.8,0.000250,0.128,100.00,9.430,0.02990
208,SEED SCIENCE AND TECHNOLOGY,SEED SCI TECHNOL,0251-0952,"1,373",0.508,0.415,0.713,0.059,51,14.9,12.4,0.000490,0.140,100.00,14.998,0.05902
209,INDIAN JOURNAL OF GENETICS AND PLANT BREEDING,INDIAN J GENET PL BR,0019-5200,550,0.465,0.303,0.464,0.099,71,10.1,10.9,0.000440,0.080,100.00,8.553,0.05263
210,CALDASIA,CALDASIA,0366-5232,367,0.458,0.333,0.445,0.029,34,13.4,12.8,0.000180,0.104,100.00,9.498,0.02246
211,ANALES DEL JARDIN BOTANICO DE MADRID,AN JARDIN BOT MADRID,0211-1322,355,0.421,0.421,0.783,0.000,12,12.2,13.1,0.000280,0.264,100.00,7.675,0.03437
212,NOVON,NOVON,1055-3177,609,0.403,0.278,0.472,0.163,43,12.5,14.4,0.000390,0.128,100.00,7.237,0.04704
213,Boletin de la Sociedad Argentina de Botanica,B SOC ARGENT BOT,1851-2372,473,0.388,0.336,0.491,0.051,59,11.9,13.2,0.000440,0.122,100.00,6.798,0.05332
214,RHODORA,RHODORA,0035-4902,361,0.383,0.255,0.434,0.056,18,34.2,18.2,0.000140,0.102,100.00,6.360,0.01692
215,GAYANA BOTANICA,GAYANA BOT,0717-6643,300,0.382,0.263,0.449,0.179,28,8.0,12.9,0.000240,0.100,100.00,5.921,0.02891
216,Bangladesh Journal of Plant Taxonomy,BANGL J PLANT TAXON,1028-2092,127,0.344,0.197,0.463,0.036,28,6.0,17.7,0.000180,0.104,100.00,5.482,0.02213
217,TELOPEA,TELOPEA,0312-9764,227,0.322,0.322,0.294,Not Available,0,12.3,Not Available,0.000220,0.085,Not Available,5.044,0.02716
218,PHYTOPROTECTION,PHYTOPROTECTION,0031-9511,138,0.286,0.286,0.292,Not Available,0,18.7,Not Available,0.000020,0.076,Not Available,4.605,0.00288
219,ACTA BIOLOGICA COLOMBIANA,ACTA BIOL COLOMB,1900-1649,257,0.283,0.264,Not Available,0.156,32,5.6,11.2,0.000350,Not Available,100.00,2.819,0.04245
220,PHYTON-INTERNATIONAL JOURNAL OF EXPERIMENTAL BOTANY,PHYTON-INT J EXP BOT,1851-5657,251,0.282,0.224,0.394,0.000,37,7.8,11.7,0.000210,0.068,97.30,3.728,0.02526
221,IHERINGIA SERIE BOTANICA,IHERINGIA SER BOT,0073-4705,160,0.269,0.256,0.337,0.059,34,9.2,13.3,0.000190,0.085,100.00,3.289,0.02261
222,PHYTON-ANNALES REI BOTANICAE,PHYTON-ANN REI BOT A,0079-2047,369,0.216,0.162,0.283,0.143,14,17.8,29.4,0.000080,0.065,100.00,2.851,0.01003
223,BANGLADESH JOURNAL OF BOTANY,BANGL J BOT,0253-5416,273,0.214,0.182,0.247,0.056,125,5.4,11.3,0.000360,0.049,100.00,2.412,0.04364
224,Bradleya,BRADLEYA,0265-086X,79,0.200,0.020,0.177,0.143,21,Not Available,21.3,0.000020,0.014,100.00,1.974,0.00239
225,HASELTONIA,HASELTONIA,1070-0048,69,0.120,0.120,0.345,Not Available,0,Not Available,Not Available,0.000090,0.128,Not Available,1.535,0.01101
226,Zeitschrift fur Arznei- & Gewurzpflanzen,Z ARZNEI- GEWURZPFLA,1431-9292,47,0.080,0.060,0.100,0.045,22,Not Available,12.8,0.000020,0.017,95.45,1.096,0.00267
227,Gorteria,GORTERIA,0017-2294,30,0.000,0.000,0.137,0.182,11,Not Available,22.5,0.000010,0.021,100.00,0.658,0.00171
228,Mediterranean Botany,MEDITERR BOT,2603-9109,19,Not Available,0.000,Not Available,1.118,17,Not Available,10.9,0.000000,Not Available,100.00,0.219,0.00000
Copyright Â© 2019 Clarivate Analytics,,,,,,,,,,,,,,,,
"By exporting the selected data, you agree to the data usage policy set forth in the Terms of Use",,,,,,,,,,,,,,,,
